{
    "accuracy": 0.9793301533569267,
    "precision": 0.9135628952916374,
    "recall": 0.8227848101265823,
    "auc": 0.907959910784115,
    "f1_score": 0.8658008658008659
}